{"stat.useItem.minecraft.bow":3,"stat.pickup.minecraft.wooden_slab":53,"stat.leaveGame":8,"stat.useItem.harvestcraft.amaranthitem":3,"stat.useItem.minecraft.glowstone":2,"stat.mineBlock.minecraft.sandstone":1,"stat.craftItem.minecraft.string":18,"stat.craftItem.minecraft.stone_pressure_plate":1,"stat.craftItem.futuremc.dark_oak_trapdoor":50,"stat.pickup.minecraft.rotten_flesh":12,"stat.craftItem.minecraft.stone_axe":1,"stat.craftItem.futuremc.campfire":8,"stat.pickup.iceandfire.witherbone":1,"stat.killEntity.Enderman":1,"stat.mineBlock.minecraft.wooden_slab":68,"stat.useItem.mekanismtools.osmiumpickaxe":862,"stat.pickup.harvestcraft.radishitem":129,"stat.useItem.futuremc.campfire":7,"stat.pickup.harvestcraft.scallionitem":93,"stat.craftItem.harvestcraft.pawpaw_sapling":1,"stat.craftItem.iceandfire.silver_ingot":27,"stat.pickup.iceandfire.silver_ingot":4,"stat.useItem.minecraft.iron_pickaxe":1415,"stat.craftItem.harvestcraft.toastitem":9,"stat.craftItem.minecraft.wooden_pickaxe":1,"stat.craftItem.minecraft.iron_door":3,"stat.pickup.harvestcraft.rhubarbitem":66,"stat.pickup.dynamictrees.darkoakseed":35,"stat.craftItem.harvestcraft.skilletitem":1,"stat.craftItem.minecraft.glass_pane":32,"stat.craftItem.harvestcraft.radishseeditem":11,"stat.pickup.harvestcraft.onionitem":29,"stat.craftItem.harvestcraft.beanseeditem":9,"stat.mineBlock.minecraft.hopper":12,"stat.furnaceInteraction":511,"stat.killEntity.ZombieVillager":3,"stat.useItem.futuremc.birch_trapdoor":36,"stat.pickup.minecraft.beef":17,"stat.entityKilledBy.BabySkeleton":1,"stat.useItem.harvestcraft.radishseeditem":10,"stat.useItem.minecraft.fence":79,"stat.useItem.minecraft.dark_oak_door":2,"stat.mineBlock.minecraft.fence":5,"stat.useItem.minecraft.flint_and_steel":4,"stat.useItem.minecraft.wheat_seeds":28,"stat.mineBlock.minecraft.dark_oak_fence_gate":2,"stat.pickup.mekanism.enrichediron":5,"stat.pickup.ic2.misc_resource":3,"stat.drop.harvestcraft.fruitsaladitem":2,"stat.drop.mekanism.ingot":9,"stat.mineBlock.ic2.leaves":4,"stat.pickup.dynamictrees.oakseed":42,"stat.useItem.minecraft.dye":9,"stat.deaths":9,"stat.pickup.minecraft.egg":136,"stat.craftItem.minecraft.iron_pickaxe":5,"stat.pickup.mekanism.dust":42,"stat.craftItem.harvestcraft.oliveoilitem":22,"stat.mineBlock.minecraft.tallgrass":67,"stat.craftItem.minecraft.cooked_mutton":4,"stat.chestOpened":699,"stat.useItem.harvestcraft.beanseeditem":8,"stat.useItem.minecraft.stone":487,"stat.pickup.minecraft.arrow":6,"stat.craftItem.mekanism.machineblock":4,"stat.mineBlock.storagedrawers.customtrim":4,"stat.craftItem.minecraft.coal":31,"stat.pickup.harvestcraft.chilipepperitem":26,"stat.drop.minecraft.iron_pickaxe":1,"stat.craftItem.mekanismtools.obsidianleggings":1,"stat.pickup.minecraft.carrot":179,"stat.crouchOneCm":148130,"stat.mineBlock.minecraft.chest":2,"stat.craftItem.harvestcraft.plainyogurtitem":12,"stat.craftItem.minecraft.iron_ingot":324,"stat.useItem.mekanismtools.obsidianpickaxe":799,"stat.pickup.harvestcraft.walnutitem":42,"stat.craftItem.minecraft.hopper":4,"stat.craftingTableInteraction":205,"stat.pickup.iceandfire.silver_ore":23,"stat.mineBlock.minecraft.log2":6,"stat.useItem.minecraft.dark_oak_fence":209,"stat.pickup.minecraft.dye":173,"stat.pickup.minecraft.planks":41,"stat.useItem.harvestcraft.lettuceitem":2,"stat.pickup.minecraft.wheat_seeds":112,"stat.mineBlock.minecraft.glass":4,"stat.mineBlock.minecraft.dirt":732,"stat.craftItem.harvestcraft.marshmellowsitem":10,"stat.mineBlock.mekanism.saltblock":11,"stat.mineBlock.iceandfire.silver_ore":24,"stat.useItem.minecraft.cobblestone":1247,"stat.pickup.minecraft.magma":31,"stat.useItem.minecraft.gravel":3,"stat.mineBlock.minecraft.double_plant":4,"stat.useItem.dynamictrees.oakseed":49,"stat.mineBlock.harvestcraft.pamgooseberry":1,"stat.pickup.harvestcraft.hazelnutitem":42,"stat.pickup.minecraft.iron_pickaxe":1,"stat.craftItem.minecraft.gold_ingot":107,"stat.pickup.minecraft.hopper":12,"stat.craftItem.minecraft.brewing_stand":2,"stat.pickup.minecraft.apple":52,"stat.useItem.minecraft.glass_pane":26,"stat.pickup.minecraft.coal_block":3,"stat.craftItem.minecraft.bucket":3,"stat.craftItem.minecraft.planks":1844,"stat.pickup.futuremc.cornflower":1,"stat.itemEnchanted":4,"stat.craftItem.minecraft.fishing_rod":1,"stat.useItem.minecraft.stonebrick":96,"stat.mineBlock.minecraft.log":73,"stat.craftItem.minecraft.wooden_door":3,"stat.useItem.minecraft.wooden_door":2,"stat.craftItem.minecraft.paper":12,"stat.killEntity.BabySkeleton":1,"stat.pickup.minecraft.wool":48,"stat.cakeSlicesEaten":1,"stat.craftItem.harvestcraft.saucepanitem":1,"stat.pickup.ic2.ingot":70,"stat.useItem.storagedrawers.customtrim":3,"stat.craftItem.storagedrawers.basicdrawers":10,"stat.useItem.harvestcraft.veggiestripsitem":40,"stat.useItem.minecraft.iron_axe":350,"stat.mineBlock.minecraft.cobblestone":88,"stat.mineBlock.minecraft.pumpkin":1,"stat.killEntity.gorgon":1,"stat.pickup.minecraft.stone_pickaxe":1,"stat.pickup.minecraft.flint":12,"stat.craftItem.minecraft.wool":4,"stat.mineBlock.harvestcraft.pamsoursop":1,"stat.useItem.harvestcraft.zucchiniseeditem":20,"stat.useItem.harvestcraft.teaseeditem":15,"stat.useItem.minecraft.obsidian":10,"stat.useItem.minecraft.stone_slab2":277,"stat.pickup.minecraft.bow":1,"stat.craftItem.harvestcraft.fruitsaladitem":4,"stat.craftItem.minecraft.dark_oak_door":3,"stat.useItem.harvestcraft.wintersquashitem":2,"stat.craftItem.minecraft.furnace":29,"stat.craftItem.harvestcraft.gardensoupitem":3,"stat.useItem.minecraft.egg":52,"stat.pickup.storagedrawers.customtrim":4,"stat.craftItem.minecraft.cooked_beef":6,"stat.mineBlock.minecraft.obsidian":20,"stat.mineBlock.minecraft.clay":24,"stat.craftItem.harvestcraft.applesauceitem":5,"stat.flyOneCm":1422167,"stat.pickup.minecraft.sandstone":1,"stat.pickup.harvestcraft.cranberryitem":8,"stat.pickup.mekanism.enrichedalloy":6,"stat.timeSinceDeath":36919,"stat.mineBlock.cookingforblockheads.cutting_board":3,"stat.useItem.minecraft.wooden_slab":623,"stat.craftItem.minecraft.stonebrick":188,"stat.pickup.harvestcraft.whitemushroomitem":38,"stat.pickup.harvestcraft.beanitem":147,"stat.useItem.minecraft.potato":2,"stat.useItem.harvestcraft.juteseeditem":2,"stat.mineBlock.minecraft.coal_ore":1130,"stat.killEntity.Creeper":4,"stat.pickup.minecraft.string":7,"stat.mineBlock.minecraft.ladder":1,"stat.sprintOneCm":1227739,"stat.useItem.harvestcraft.apple_sapling":2,"stat.mineBlock.minecraft.stone_slab":25,"stat.pickup.ic2.resource":407,"stat.craftItem.cookingforblockheads.fridge":1,"stat.useItem.harvestcraft.friedeggitem":8,"stat.craftItem.iceandfire.armor_silver_metal_helmet":1,"stat.mineBlock.minecraft.diamond_ore":7,"stat.mineBlock.harvestcraft.pamapple":10,"stat.useItem.iceandfire.silver_shovel":254,"stat.pickup.harvestcraft.mustardseedsitem":1,"stat.useItem.minecraft.ladder":101,"stat.useItem.harvestcraft.zucchiniitem":20,"stat.craftItem.mekanismtools.osmiumpickaxe":4,"stat.pickup.harvestcraft.apple_sapling":1,"stat.killEntity.Zombie":9,"stat.craftItem.minecraft.dye":6,"stat.mineBlock.minecraft.gold_ore":83,"stat.diveOneCm":344615,"stat.pickup.minecraft.wheat":115,"stat.craftItem.harvestcraft.friedeggitem":26,"stat.pickup.storagedrawers.basicdrawers":1,"stat.useItem.mekanism.dictionary":13,"stat.craftItem.minecraft.ladder":117,"stat.drop.minecraft.dark_oak_fence":1,"stat.craftItem.cookingforblockheads.cooking_table":1,"stat.pickup.harvestcraft.potitem":1,"stat.pickup.minecraft.obsidian":28,"stat.jump":5307,"stat.useItem.minecraft.sand":17,"stat.pickup.minecraft.coal":1371,"stat.pickup.minecraft.iron_ingot":115,"stat.useItem.futuremc.dark_oak_trapdoor":51,"stat.craftItem.harvestcraft.blackberryjellyitem":11,"stat.pickup.minecraft.gunpowder":7,"stat.craftItem.minecraft.torch":428,"stat.pickup.minecraft.dirt":658,"stat.useItem.minecraft.glass":59,"stat.useItem.minecraft.sapling":2,"stat.pickup.minecraft.gold_ore":82,"stat.mineBlock.minecraft.lapis_ore":20,"stat.drop.harvestcraft.teaitem":4,"stat.mineBlock.minecraft.glass_pane":1,"stat.brewingstandInteraction":1,"stat.damageTaken":-2147477843,"stat.useItem.minecraft.stone_brick_stairs":44,"stat.useItem.harvestcraft.teaitem":6,"stat.mineBlock.minecraft.torch":99,"stat.pickup.harvestcraft.pawpawitem":7,"stat.pickup.minecraft.log2":422,"stat.pickup.ic2.rubber_wood":80,"stat.craftItem.minecraft.glowstone":18,"stat.entityKilledBy.ZombieVillager":1,"stat.pickup.minecraft.bed":5,"stat.pickup.minecraft.potato":42,"stat.entityKilledBy.Zombie":1,"stat.pickup.harvestcraft.lettuceitem":33,"stat.craftItem.harvestcraft.bibimbapitem":1,"stat.useItem.harvestcraft.onionitem":1,"stat.craftItem.minecraft.stone_slab":648,"stat.animalsBred":62,"stat.useItem.minecraft.chest":17,"stat.useItem.harvestcraft.hazelnut_sapling":1,"stat.craftItem.harvestcraft.butteritem":9,"stat.craftItem.harvestcraft.boiledeggitem":22,"stat.craftItem.harvestcraft.flouritem":20,"stat.craftItem.mekanism.ingot":541,"stat.drop.ic2.resource":1,"stat.pickup.harvestcraft.spiceleafitem":145,"stat.useItem.harvestcraft.scallionitem":5,"stat.useItem.mekanismtools.osmiumaxe":9,"stat.pickup.minecraft.baked_potato":1,"stat.craftItem.harvestcraft.blackberryseeditem":5,"stat.pickup.minecraft.ender_pearl":1,"stat.craftItem.harvestcraft.walnut_sapling":1,"stat.drop.minecraft.wooden_slab":4,"stat.pickup.minecraft.ladder":3,"stat.mineBlock.minecraft.stonebrick":31,"stat.useItem.harvestcraft.parsnipitem":1,"stat.pickup.harvestcraft.cucumberitem":24,"stat.pickup.harvestcraft.strawberryitem":1,"stat.craftItem.iceandfire.armor_silver_metal_boots":1,"stat.craftItem.bibliocraft.biblioredbook":1,"stat.pickup.minecraft.dark_oak_stairs":2,"stat.mineBlock.minecraft.glowstone":21,"stat.mobKills":49,"stat.useItem.ic2.diamond_drill":898,"stat.craftItem.minecraft.shears":1,"stat.pickup.iceandfire.gorgon_head":1,"stat.useItem.minecraft.boat":3,"stat.pickup.minecraft.diamond":10,"stat.pickup.minecraft.torch":165,"stat.craftItem.harvestcraft.heavycreamitem":21,"stat.craftItem.mekanism.controlcircuit":2,"stat.drop.minecraft.stone_axe":1,"stat.drop.minecraft.arrow":1,"stat.killEntity.firedragon":1,"stat.craftItem.harvestcraft.tomatosoupitem":6,"stat.useItem.harvestcraft.mulberryitem":1,"stat.pickup.minecraft.dark_oak_fence_gate":2,"stat.pickup.tconstruct.book":1,"stat.useItem.minecraft.string":2,"stat.mineBlock.storagedrawers.basicdrawers":1,"stat.useItem.harvestcraft.rhubarbitem":3,"stat.useItem.futuremc.stone_brick_wall":2,"stat.pickup.futuremc.dark_oak_trapdoor":7,"stat.craftItem.minecraft.iron_axe":2,"stat.mineBlock.ic2.rubber_wood":80,"stat.killEntity.Blaze":4,"stat.useItem.minecraft.planks":52,"stat.pickup.minecraft.glowstone_dust":60,"stat.pickup.minecraft.glass":34,"stat.useItem.minecraft.water_bucket":46,"stat.mineBlock.minecraft.red_mushroom":1,"stat.mineBlock.minecraft.stone_brick_stairs":16,"stat.pickup.minecraft.sand":106,"stat.craftItem.minecraft.dark_oak_fence":231,"stat.useItem.harvestcraft.blackberryseeditem":4,"stat.craftItem.mekanism.basicblock":2,"stat.craftItem.harvestcraft.juiceritem":1,"stat.useItem.harvestcraft.walnutitem":15,"stat.pickup.harvestcraft.sweetpotatoitem":11,"stat.pickup.harvestcraft.wintersquashitem":28,"stat.mineBlock.minecraft.sand":128,"stat.craftItem.iceandfire.silver_hoe":1,"stat.hopperInspected":2,"stat.craftItem.harvestcraft.tomatoseeditem":8,"stat.pickup.mekanismgenerators.generator":5,"stat.useItem.dynamictrees.darkoakseed":19,"stat.craftItem.minecraft.hardened_clay":17,"stat.useItem.minecraft.oak_stairs":48,"stat.pickup.harvestcraft.juiceritem":1,"stat.mineBlock.minecraft.dark_oak_stairs":2,"stat.craftItem.minecraft.pumpkin_seeds":4,"stat.pickup.iceandfire.rotten_egg":2,"stat.useItem.harvestcraft.leekitem":25,"stat.useItem.minecraft.dark_oak_stairs":17,"stat.mineBlock.futuremc.cornflower":1,"stat.craftItem.cookingforblockheads.sink":1,"stat.pickup.harvestcraft.turnipitem":99,"stat.useItem.dynamictrees.birchseed":36,"stat.useItem.minecraft.cooked_mutton":4,"stat.pickup.minecraft.furnace":2,"stat.mineBlock.harvestcraft.windygarden":7,"stat.useItem.harvestcraft.blackberryitem":26,"stat.useItem.harvestcraft.tomatoseeditem":7,"stat.drop.harvestcraft.zucchiniitem":2,"stat.pickup.harvestcraft.nutmegitem":2,"stat.useItem.minecraft.hopper":12,"stat.mineBlock.minecraft.soul_sand":9,"stat.mineBlock.minecraft.oak_stairs":7,"stat.useItem.harvestcraft.beanitem":3,"stat.craftItem.futuremc.birch_trapdoor":34,"stat.playOneMinute":824544,"stat.pickup.futuremc.birch_trapdoor":6,"stat.pickup.minecraft.blaze_rod":4,"stat.pickup.minecraft.netherrack":10,"stat.pickup.minecraft.pumpkin":1,"stat.pickup.harvestcraft.kaleitem":3,"stat.useItem.ic2.drill":746,"stat.pickup.harvestcraft.tomatoitem":28,"stat.mineBlock.minecraft.dark_oak_fence":9,"stat.mineBlock.minecraft.netherrack":12,"stat.craftItem.minecraft.dark_oak_stairs":16,"stat.useItem.bibliocraft.table":1,"stat.fallOneCm":209049,"stat.mineBlock.harvestcraft.pamhazelnut":10,"stat.pickup.harvestcraft.cuttingboarditem":3,"stat.useItem.harvestcraft.chilipepperitem":6,"stat.craftItem.minecraft.chest":37,"stat.useItem.harvestcraft.bellpepperitem":2,"stat.pickup.minecraft.red_mushroom":2,"stat.pickup.minecraft.golden_leggings":1,"stat.useItem.harvestcraft.fruitcreamfestivalbreaditem":3,"stat.useItem.mekanism.oreblock":3,"stat.craftItem.harvestcraft.freshwateritem":64,"stat.mineBlock.ic2.resource":406,"stat.craftItem.harvestcraft.teaseeditem":16,"stat.useItem.minecraft.furnace":18,"stat.useItem.harvestcraft.tomatosoupitem":3,"stat.drop.harvestcraft.gardensoupitem":3,"stat.craftItem.minecraft.dark_oak_fence_gate":8,"stat.mineBlock.minecraft.gravel":14,"stat.useItem.minecraft.stone_pickaxe":564,"stat.craftItem.minecraft.oak_stairs":64,"stat.useItem.minecraft.iron_bars":2,"stat.pickup.mekanism.ingot":210,"stat.craftItem.harvestcraft.hamburgeritem":9,"stat.useItem.minecraft.torch":558,"stat.craftItem.harvestcraft.stockitem":15,"stat.useItem.harvestcraft.spiceleafitem":12,"stat.pickup.minecraft.crafting_table":4,"stat.useItem.minecraft.log":31,"stat.craftItem.minecraft.crafting_table":9,"stat.craftItem.minecraft.boat":1,"stat.pickup.minecraft.log":314,"stat.pickup.mekanism.machineblock":5,"stat.craftItem.harvestcraft.bakewareitem":1,"stat.craftItem.bibliocraft.table":2,"stat.pickup.minecraft.sapling":5,"stat.craftItem.harvestcraft.fruitcreamfestivalbreaditem":10,"stat.pickup.harvestcraft.parsnipitem":22,"stat.craftItem.harvestcraft.freshmilkitem":4,"stat.killEntity.WitherSkeleton":1,"stat.mineBlock.mekanism.machineblock":5,"stat.craftItem.harvestcraft.leekseeditem":6,"stat.craftItem.minecraft.sugar":44,"stat.pickup.harvestcraft.juteitem":98,"stat.sneakTime":50782,"stat.pickup.harvestcraft.tealeafitem":141,"stat.craftItem.mekanismtools.obsidianhelmet":1,"stat.pickup.ic2.sapling":8,"stat.useItem.minecraft.baked_potato":3,"stat.pickup.minecraft.stone_slab":34,"stat.useItem.minecraft.brewing_stand":1,"stat.pickup.minecraft.yellow_flower":1,"stat.useItem.minecraft.fishing_rod":2,"stat.pickup.minecraft.chest":6,"stat.drop.minecraft.stone_pickaxe":1,"stat.pickup.minecraft.bone":6,"stat.useItem.harvestcraft.garlicitem":3,"stat.useItem.minecraft.log2":73,"stat.useItem.harvestcraft.hazelnutitem":15,"stat.craftItem.minecraft.stone_brick_stairs":36,"stat.useItem.harvestcraft.tealeafitem":12,"stat.craftItem.harvestcraft.juteseeditem":3,"stat.swimOneCm":209608,"stat.climbOneCm":75641,"stat.pickup.ic2.jetpack_electric":1,"stat.useItem.harvestcraft.strawberryitem":3,"stat.useItem.minecraft.dirt":540,"stat.useItem.harvestcraft.barleyitem":1,"stat.pickup.ic2.fluid_cell":11,"stat.craftItem.harvestcraft.veggiestripsitem":44,"stat.craftItem.minecraft.stone_pickaxe":5,"stat.craftItem.mekanism.dictionary":1,"stat.mineBlock.harvestcraft.apple_sapling":1,"stat.mineBlock.minecraft.magma":33,"stat.pickup.minecraft.cobblestone":1839,"stat.useItem.harvestcraft.juteitem":20,"stat.useItem.minecraft.stone_shovel":170,"stat.craftItem.harvestcraft.zucchiniseeditem":21,"stat.pickup.minecraft.soul_sand":9,"stat.craftItem.ic2.ingot":239,"stat.useItem.harvestcraft.whitemushroomitem":3,"stat.craftItem.minecraft.wooden_slab":726,"stat.pickup.harvestcraft.leekitem":104,"stat.pickup.minecraft.redstone":632,"stat.craftItem.harvestcraft.hazelnut_sapling":2,"stat.mineBlock.minecraft.iron_ore":479,"stat.craftItem.minecraft.book":3,"stat.useItem.harvestcraft.peanutitem":2,"stat.craftItem.mekanismtools.osmiumleggings":1,"stat.pickup.minecraft.mutton":7,"stat.craftItem.minecraft.cake":1,"stat.mineBlock.mekanismgenerators.generator":5,"stat.pickup.minecraft.stonebrick":28,"stat.pickup.minecraft.iron_shovel":1,"stat.pickup.mekanism.salt":44,"stat.craftItem.harvestcraft.apple_sapling":2,"stat.craftItem.harvestcraft.teaitem":10,"stat.craftItem.minecraft.stone_slab2":0,"stat.pickup.harvestcraft.mulberryitem":11,"stat.useItem.harvestcraft.cucumberitem":2,"stat.craftItem.minecraft.stick":540,"stat.mineBlock.mekanism.oreblock":695,"stat.mineBlock.harvestcraft.pamwalnut":9,"stat.useItem.minecraft.stone_slab":756,"stat.craftItem.iceandfire.silver_shovel":1,"stat.craftItem.minecraft.stone":423,"stat.pickup.harvestcraft.barleyitem":27,"stat.mineBlock.minecraft.crafting_table":4,"stat.useItem.minecraft.carrot":27,"stat.useItem.minecraft.wheat":4,"stat.useItem.harvestcraft.turnipitem":5,"stat.entityKilledBy.Creeper":1,"stat.craftItem.harvestcraft.omeletitem":19,"stat.mineBlock.minecraft.planks":19,"stat.drop":43,"stat.craftItem.harvestcraft.potitem":1,"stat.craftItem.harvestcraft.festivalbreaditem":10,"stat.killEntity.Sheep":4,"stat.useItem.iceandfire.rotten_egg":2,"stat.craftItem.cookingforblockheads.cabinet":1,"stat.craftItem.minecraft.clay":17,"stat.pickup.harvestcraft.garlicitem":34,"stat.pickup.minecraft.gravel":116,"stat.useItem.minecraft.apple":10,"stat.pickup.harvestcraft.bakewareitem":1,"stat.craftItem.harvestcraft.cuttingboarditem":1,"stat.pickup.minecraft.stone_brick_stairs":16,"stat.pickup.harvestcraft.blackberryitem":220,"stat.useItem.storagedrawers.basicdrawers":7,"stat.pickup.minecraft.fence":4,"stat.useItem.harvestcraft.leekseeditem":5,"stat.useItem.minecraft.stone_axe":69,"stat.craftItem.minecraft.bread":20,"stat.mineBlock.harvestcraft.shadedgarden":109,"stat.pickup.harvestcraft.bellpepperitem":41,"stat.useItem.harvestcraft.cranberryitem":1,"stat.pickup.minecraft.iron_ore":458,"stat.boatOneCm":39513,"stat.craftItem.minecraft.flint_and_steel":1,"stat.craftItem.minecraft.iron_bars":16,"stat.pickup.minecraft.leather":9,"stat.mineBlock.minecraft.furnace":2,"stat.craftItem.cookingforblockheads.recipe_book":2,"stat.useItem.minecraft.wooden_pickaxe":9,"stat.pickup.minecraft.dark_oak_fence":5,"stat.craftItem.mekanismtools.obsidianpickaxe":1,"stat.pickup.minecraft.reeds":59,"stat.pickup.minecraft.oak_stairs":7,"stat.useItem.harvestcraft.fruitsaladitem":2,"stat.craftItem.harvestcraft.doughitem":20,"stat.damageDealt":11173,"stat.craftItem.minecraft.glass":70,"stat.sleepInBed":4,"stat.craftItem.minecraft.baked_potato":3,"stat.useItem.ic2.resource":1,"stat.killEntity.Cow":8,"stat.craftItem.mekanismtools.obsidianboots":1,"stat.pickup.harvestcraft.elderberryitem":1,"stat.drop.harvestcraft.veggiestripsitem":12,"stat.pickup.harvestcraft.friedeggitem":8,"stat.craftItem.minecraft.stone_shovel":2,"stat.pickup.minecraft.boat":3,"stat.walkOneCm":2173548,"stat.pickup.dynamictrees.birchseed":69,"stat.useItem.iceandfire.silver_hoe":180,"stat.pickup.minecraft.stick":182,"stat.craftItem.storagedrawers.customtrim":4,"stat.pickup.mekanism.oreblock":706,"stat.pickup.minecraft.clay_ball":93,"stat.useItem.minecraft.dark_oak_fence_gate":7,"stat.useItem.harvestcraft.lambkebabitem":4,"stat.craftItem.mekanismgenerators.generator":3,"stat.pickup.minecraft.stone":313,"stat.pickup.harvestcraft.zucchiniitem":413,"stat.pickup.minecraft.gold_ingot":21,"stat.craftItem.futuremc.stone_brick_wall":6,"stat.killEntity.Skeleton":5,"stat.pickup.harvestcraft.amaranthitem":52,"stat.pickup.mekanism.controlcircuit":29,"stat.killEntity.Spider":6,"stat.mineBlock.minecraft.quartz_ore":42,"stat.craftItem.mekanismtools.osmiumaxe":1,"stat.pickup.minecraft.quartz":95,"stat.craftItem.minecraft.fence":78,"stat.mineBlock.minecraft.leaves":17,"stat.mineBlock.minecraft.redstone_ore":96,"stat.craftItem.minecraft.coal_block":53,"stat.craftItem.minecraft.brick":23,"stat.craftItem.ic2.diamond_drill":1,"stat.pickup.ic2.drill":1,"stat.drop.tconstruct.book":1,"stat.mineBlock.minecraft.stone":1446}