{"stat.leaveGame":17,"stat.pickup.tconstruct.edible":2,"stat.mineBlock.minecraft.sandstone":10,"stat.killEntity.PigZombie":1,"stat.craftItem.minecraft.stone_pressure_plate":2,"stat.craftItem.ic2.heat_exchanger":4,"stat.pickup.harvestcraft.seaweeditem":1,"stat.pickup.minecraft.rotten_flesh":15,"stat.craftItem.minecraft.stone_axe":2,"stat.pickup.harvestcraft.radishitem":30,"stat.craftItem.minecraft.iron_shovel":2,"stat.pickup.harvestcraft.scallionitem":19,"stat.useItem.minecraft.iron_pickaxe":915,"stat.craftItem.minecraft.wooden_pickaxe":1,"stat.useItem.minecraft.iron_shovel":42,"stat.pickup.harvestcraft.rhubarbitem":16,"stat.pickup.dynamictrees.darkoakseed":1,"stat.craftItem.minecraft.bed":2,"stat.craftItem.minecraft.glass_pane":160,"stat.pickup.harvestcraft.onionitem":4,"stat.furnaceInteraction":451,"stat.craftItem.ic2.te":89,"stat.pickup.harvestcraft.cornitem":6,"stat.craftItem.ic2.advanced_heat_exchanger":2,"stat.pickup.minecraft.beef":130,"stat.craftItem.ic2.wind_meter":1,"stat.useItem.minecraft.flint_and_steel":2,"stat.pickup.ic2.misc_resource":286,"stat.mineBlock.ic2.leaves":624,"stat.pickup.dynamictrees.oakseed":20,"stat.useItem.minecraft.dye":4,"stat.useItem.minecraft.beef":3,"stat.craftItem.minecraft.dark_oak_boat":1,"stat.craftItem.ic2.mining_laser":1,"stat.pickup.minecraft.lever":1,"stat.deaths":9,"stat.useItem.ic2.treetap":138,"stat.pickup.minecraft.egg":36,"stat.craftItem.minecraft.iron_pickaxe":13,"stat.useItem.harvestcraft.gardensoupitem":2,"stat.mineBlock.minecraft.tallgrass":54,"stat.craftItem.minecraft.cooked_mutton":6,"stat.chestOpened":1398,"stat.useItem.ic2.cable":576,"stat.useItem.minecraft.stone":231,"stat.pickup.minecraft.arrow":8,"stat.pickup.harvestcraft.waterchestnutitem":1,"stat.craftItem.minecraft.quartz_block":61,"stat.pickup.minecraft.gold_nugget":1,"stat.pickup.harvestcraft.chilipepperitem":5,"stat.drop.minecraft.iron_pickaxe":1,"stat.pickup.minecraft.carrot":4,"stat.crouchOneCm":8593,"stat.craftItem.ic2.cable":788,"stat.mineBlock.minecraft.chest":4,"stat.craftItem.minecraft.iron_ingot":370,"stat.pickup.harvestcraft.walnutitem":6,"stat.mineBlock.minecraft.concrete_powder":2,"stat.craftingTableInteraction":365,"stat.pickup.iceandfire.silver_ore":16,"stat.pickup.harvestcraft.agaveitem":1,"stat.useItem.minecraft.reeds":91,"stat.pickup.minecraft.dye":298,"stat.pickup.minecraft.planks":60,"stat.useItem.harvestcraft.lettuceitem":2,"stat.pickup.minecraft.wheat_seeds":14,"stat.mineBlock.minecraft.dirt":318,"stat.craftItem.ic2.dust":165,"stat.craftItem.ic2.nano_chestplate":1,"stat.drop.tconstruct.rapier":1,"stat.mineBlock.iceandfire.silver_ore":16,"stat.useItem.minecraft.cobblestone":477,"stat.useItem.minecraft.gravel":33,"stat.mineBlock.minecraft.double_plant":2,"stat.pickup.harvestcraft.hazelnutitem":5,"stat.useItem.harvestcraft.sweetpotatoitem":17,"stat.pickup.minecraft.iron_pickaxe":2,"stat.pickup.minecraft.chicken":3,"stat.craftItem.ic2.plate":552,"stat.pickup.minecraft.apple":8,"stat.useItem.minecraft.glass_pane":117,"stat.craftItem.minecraft.bucket":1,"stat.drop.ic2.fluid_cell":14,"stat.craftItem.minecraft.planks":1212,"stat.useItem.minecraft.iron_sword":122,"stat.pickup.futuremc.cornflower":2,"stat.itemEnchanted":11,"stat.pickup.ic2.diamond_drill":1,"stat.useItem.minecraft.stonebrick":1119,"stat.mineBlock.minecraft.log":11,"stat.craftItem.ic2.re_battery":31,"stat.useItem.harvestcraft.elderberryitem":4,"stat.craftItem.minecraft.paper":156,"stat.craftItem.ic2.meter":1,"stat.pickup.minecraft.wool":33,"stat.cakeSlicesEaten":3,"stat.useItem.ic2.glass":5,"stat.useItem.harvestcraft.veggiestripsitem":20,"stat.useItem.minecraft.iron_axe":108,"stat.mineBlock.minecraft.cobblestone":66,"stat.pickup.minecraft.flint":10,"stat.mineBlock.minecraft.yellow_flower":1,"stat.mineBlock.minecraft.concrete":41,"stat.useItem.minecraft.concrete_powder":96,"stat.drop.minecraft.cobblestone":1,"stat.useItem.harvestcraft.tomatoitem":25,"stat.useItem.minecraft.stone_slab2":184,"stat.pickup.minecraft.bow":2,"stat.useItem.harvestcraft.wintersquashitem":2,"stat.craftItem.minecraft.furnace":26,"stat.useItem.minecraft.egg":35,"stat.craftItem.minecraft.cooked_beef":34,"stat.mineBlock.minecraft.obsidian":14,"stat.pickup.harvestcraft.jicamaitem":1,"stat.flyOneCm":987578,"stat.pickup.minecraft.sandstone":11,"stat.pickup.harvestcraft.cranberryitem":1,"stat.useItem.harvestcraft.jicamaitem":1,"stat.timeSinceDeath":458506,"stat.useItem.minecraft.wooden_slab":83,"stat.craftItem.minecraft.iron_block":14,"stat.craftItem.minecraft.stonebrick":1072,"stat.pickup.harvestcraft.whitemushroomitem":17,"stat.pickup.harvestcraft.beanitem":33,"stat.craftItem.minecraft.concrete_powder":96,"stat.mineBlock.minecraft.coal_ore":1127,"stat.killEntity.Creeper":2,"stat.pickup.minecraft.string":4,"stat.entityKilledBy.Skeleton":1,"stat.sprintOneCm":1876019,"stat.mineBlock.minecraft.stone_slab":119,"stat.pickup.ic2.resource":337,"stat.drop.harvestcraft.garlicitem":1,"stat.mineBlock.minecraft.diamond_ore":78,"stat.useItem.harvestcraft.waterchestnutitem":1,"stat.drop.minecraft.boat":1,"stat.pickup.harvestcraft.mustardseedsitem":2,"stat.pickup.harvestcraft.flaxitem":3,"stat.useItem.harvestcraft.zucchiniitem":4,"stat.killEntity.Zombie":17,"stat.craftItem.minecraft.dye":24,"stat.pickup.ic2.leaves":218,"stat.craftItem.minecraft.diamond_axe":1,"stat.mineBlock.minecraft.gold_ore":46,"stat.diveOneCm":139192,"stat.pickup.minecraft.wheat":9,"stat.craftItem.ic2.cutter":2,"stat.useItem.minecraft.chicken":1,"stat.pickup.minecraft.stone_axe":1,"stat.pickup.minecraft.obsidian":14,"stat.pickup.ic2.te":34,"stat.jump":5810,"stat.useItem.minecraft.sand":1,"stat.pickup.minecraft.coal":1192,"stat.pickup.minecraft.iron_ingot":1,"stat.useItem.minecraft.dark_oak_boat":1,"stat.craftItem.minecraft.lever":1,"stat.pickup.minecraft.gunpowder":4,"stat.craftItem.minecraft.torch":520,"stat.pickup.ic2.crafting":8,"stat.pickup.minecraft.dirt":302,"stat.pickup.minecraft.gold_ore":53,"stat.mineBlock.minecraft.lapis_ore":43,"stat.mineBlock.harvestcraft.aridgarden":1,"stat.mineBlock.minecraft.glass_pane":4,"stat.damageTaken":5928,"stat.useItem.minecraft.stone_brick_stairs":74,"stat.killEntity.tconstruct.blueslime":4,"stat.mineBlock.minecraft.torch":188,"stat.useItem.harvestcraft.radishitem":12,"stat.pickup.minecraft.log2":33,"stat.pickup.ic2.rubber_wood":5,"stat.pickup.minecraft.concrete":41,"stat.pickup.ic2.tool_box":1,"stat.pickup.minecraft.potato":7,"stat.entityKilledBy.Zombie":1,"stat.pickup.minecraft.diamond_axe":1,"stat.pickup.harvestcraft.lettuceitem":10,"stat.pickup.harvestcraft.gardensoupitem":2,"stat.useItem.harvestcraft.onionitem":3,"stat.craftItem.minecraft.stone_slab":120,"stat.useItem.minecraft.chest":33,"stat.craftItem.mekanism.ingot":143,"stat.pickup.harvestcraft.spiceleafitem":39,"stat.craftItem.ic2.nano_boots":1,"stat.useItem.minecraft.concrete":27,"stat.useItem.minecraft.netherrack":1,"stat.craftItem.minecraft.bookshelf":16,"stat.mineBlock.minecraft.stonebrick":290,"stat.pickup.ic2.cable":289,"stat.pickup.harvestcraft.cucumberitem":3,"stat.pickup.harvestcraft.strawberryitem":4,"stat.mineBlock.minecraft.glowstone":26,"stat.mobKills":116,"stat.useItem.ic2.diamond_drill":8482,"stat.craftItem.minecraft.shears":2,"stat.pickup.minecraft.diamond":90,"stat.pickup.minecraft.torch":540,"stat.craftItem.ic2.wrench":3,"stat.craftItem.ic2.nano_helmet":1,"stat.useItem.minecraft.bookshelf":13,"stat.craftItem.minecraft.iron_axe":2,"stat.pickup.harvestcraft.veggiestripsitem":20,"stat.mineBlock.ic2.rubber_wood":5,"stat.killEntity.Blaze":1,"stat.useItem.minecraft.planks":31,"stat.pickup.minecraft.glowstone_dust":94,"stat.drop.dynamictrees.birchseed":1,"stat.pickup.minecraft.glass":15,"stat.useItem.minecraft.water_bucket":58,"stat.mineBlock.minecraft.stone_brick_stairs":20,"stat.pickup.minecraft.sand":279,"stat.craftItem.ic2.advanced_re_battery":1,"stat.useItem.harvestcraft.walnutitem":9,"stat.craftItem.ic2.glass":7,"stat.pickup.harvestcraft.sweetpotatoitem":22,"stat.pickup.harvestcraft.wintersquashitem":2,"stat.entityKilledBy.firedragon":2,"stat.mineBlock.minecraft.sand":302,"stat.craftItem.ic2.rotor_wood":1,"stat.pickup.iceandfire.rotten_egg":2,"stat.mineBlock.futuremc.cornflower":1,"stat.pickup.harvestcraft.turnipitem":22,"stat.useItem.minecraft.cooked_mutton":6,"stat.useItem.ic2.fluid_cell":67,"stat.useItem.minecraft.redstone":1,"stat.mineBlock.harvestcraft.windygarden":26,"stat.useItem.minecraft.stone_stairs":76,"stat.pickup.ic2.dust":6,"stat.useItem.harvestcraft.blackberryitem":56,"stat.pickup.minecraft.stone_stairs":5,"stat.useItem.ic2.sapling":15,"stat.mineBlock.minecraft.soul_sand":5,"stat.useItem.harvestcraft.beanitem":15,"stat.playOneMinute":1046792,"stat.drop.ic2.drill":2,"stat.pickup.minecraft.netherrack":161,"stat.pickup.harvestcraft.kaleitem":3,"stat.useItem.ic2.drill":873,"stat.pickup.harvestcraft.tomatoitem":37,"stat.mineBlock.minecraft.dark_oak_fence":1,"stat.craftItem.minecraft.carpet":21,"stat.mineBlock.minecraft.netherrack":133,"stat.useItem.harvestcraft.lentilitem":1,"stat.pickup.harvestcraft.tomatilloitem":2,"stat.fallOneCm":261170,"stat.pickup.ic2.casing":1,"stat.craftItem.ic2.treetap":13,"stat.useItem.harvestcraft.chilipepperitem":3,"stat.craftItem.minecraft.chest":47,"stat.useItem.harvestcraft.bellpepperitem":3,"stat.mineBlock.minecraft.lever":1,"stat.drop.ic2.diamond_drill":1,"stat.useItem.mekanism.oreblock":1,"stat.craftItem.ic2.drill":2,"stat.mineBlock.ic2.resource":298,"stat.pickup.minecraft.feather":3,"stat.useItem.minecraft.furnace":1,"stat.craftItem.tconstruct.materials":10,"stat.mineBlock.minecraft.gravel":126,"stat.useItem.minecraft.stone_pickaxe":263,"stat.pickup.mekanism.ingot":10,"stat.useItem.minecraft.torch":900,"stat.pickup.tconstruct.rapier":1,"stat.craftItem.minecraft.stone_stairs":92,"stat.pickup.minecraft.crafting_table":7,"stat.craftItem.minecraft.crafting_table":13,"stat.craftItem.minecraft.boat":1,"stat.pickup.minecraft.log":352,"stat.pickup.minecraft.sapling":5,"stat.pickup.harvestcraft.parsnipitem":3,"stat.useItem.ic2.mining_laser":12,"stat.pickup.harvestcraft.juteitem":24,"stat.sneakTime":5491,"stat.pickup.harvestcraft.tealeafitem":45,"stat.pickup.ic2.sapling":18,"stat.useItem.minecraft.baked_potato":2,"stat.pickup.minecraft.stone_slab":124,"stat.pickup.minecraft.yellow_flower":3,"stat.pickup.minecraft.chest":4,"stat.craftItem.minecraft.enchanting_table":1,"stat.pickup.minecraft.bone":8,"stat.useItem.harvestcraft.hazelnutitem":11,"stat.craftItem.ic2.jetpack_electric":3,"stat.craftItem.minecraft.stone_brick_stairs":60,"stat.swimOneCm":120577,"stat.pickup.harvestcraft.artichokeitem":1,"stat.climbOneCm":75244,"stat.pickup.ic2.jetpack_electric":1,"stat.pickup.ic2.crushed":43,"stat.craftItem.ic2.fluid_cell":19,"stat.useItem.minecraft.dirt":24,"stat.pickup.harvestcraft.chickpeaitem":1,"stat.craftItem.ic2.nano_leggings":1,"stat.useItem.ic2.meter":55,"stat.craftItem.ic2.tool_box":3,"stat.craftItem.minecraft.stone_pickaxe":3,"stat.pickup.minecraft.cobblestone":7944,"stat.mineBlock.minecraft.carpet":4,"stat.pickup.harvestcraft.lentilitem":1,"stat.useItem.harvestcraft.juteitem":2,"stat.craftItem.ic2.rotor_iron":4,"stat.pickup.minecraft.soul_sand":5,"stat.craftItem.ic2.ingot":483,"stat.drop.minecraft.wheat_seeds":5,"stat.useItem.harvestcraft.whitemushroomitem":4,"stat.craftItem.minecraft.wooden_slab":126,"stat.useItem.minecraft.cooked_beef":65,"stat.pickup.harvestcraft.leekitem":44,"stat.pickup.minecraft.redstone":1186,"stat.mineBlock.minecraft.iron_ore":397,"stat.craftItem.minecraft.book":52,"stat.useItem.harvestcraft.peanutitem":2,"stat.pickup.minecraft.mutton":27,"stat.craftItem.mekanism.nugget":18,"stat.drop.minecraft.coal":7,"stat.useItem.harvestcraft.cornitem":4,"stat.pickup.minecraft.stonebrick":282,"stat.drop.minecraft.dirt":1,"stat.pickup.minecraft.carpet":4,"stat.craftItem.ic2.casing":308,"stat.craftItem.minecraft.stone_slab2":0,"stat.pickup.harvestcraft.mulberryitem":2,"stat.craftItem.ic2.nightvision_goggles":1,"stat.craftItem.minecraft.stick":168,"stat.mineBlock.mekanism.oreblock":206,"stat.drop.harvestcraft.hazelnutitem":1,"stat.useItem.minecraft.stone_slab":251,"stat.craftItem.minecraft.stone":420,"stat.pickup.harvestcraft.barleyitem":3,"stat.useItem.ic2.wrench":59,"stat.mineBlock.minecraft.crafting_table":7,"stat.drop":48,"stat.killEntity.Sheep":19,"stat.useItem.iceandfire.rotten_egg":2,"stat.pickup.harvestcraft.garlicitem":18,"stat.pickup.minecraft.gravel":149,"stat.useItem.minecraft.diamond_axe":32,"stat.useItem.minecraft.apple":9,"stat.useItem.minecraft.carpet":16,"stat.pickup.minecraft.stone_brick_stairs":20,"stat.pickup.harvestcraft.blackberryitem":69,"stat.craftItem.ic2.forge_hammer":9,"stat.useItem.minecraft.stone_axe":85,"stat.pickup.harvestcraft.peanutitem":4,"stat.mineBlock.harvestcraft.shadedgarden":98,"stat.pickup.minecraft.spider_eye":1,"stat.pickup.harvestcraft.bellpepperitem":6,"stat.pickup.minecraft.iron_ore":517,"stat.boatOneCm":41383,"stat.craftItem.minecraft.flint_and_steel":1,"stat.mineBlock.minecraft.stone_stairs":5,"stat.pickup.minecraft.leather":65,"stat.useItem.harvestcraft.flaxitem":3,"stat.useItem.minecraft.wooden_pickaxe":23,"stat.pickup.minecraft.dark_oak_fence":1,"stat.pickup.minecraft.reeds":274,"stat.damageDealt":12791,"stat.craftItem.minecraft.glass":6,"stat.sleepInBed":16,"stat.craftItem.minecraft.baked_potato":2,"stat.useItem.ic2.resource":3,"stat.killEntity.Cow":63,"stat.useItem.minecraft.crafting_table":6,"stat.pickup.harvestcraft.elderberryitem":7,"stat.craftItem.minecraft.iron_sword":1,"stat.walkOneCm":3097031,"stat.playerKills":1,"stat.mineBlock.ic2.te":301,"stat.pickup.dynamictrees.birchseed":132,"stat.pickup.minecraft.stick":227,"stat.pickup.mekanism.oreblock":256,"stat.drop.ic2.te":1,"stat.useItem.ic2.te":67,"stat.drop.minecraft.diamond_axe":1,"stat.drop.ic2.ingot":9,"stat.pickup.minecraft.stone":1803,"stat.pickup.harvestcraft.zucchiniitem":77,"stat.killEntity.Skeleton":5,"stat.craftItem.ic2.crafting":434,"stat.pickup.harvestcraft.amaranthitem":4,"stat.killEntity.Chicken":3,"stat.mineBlock.minecraft.quartz_ore":254,"stat.pickup.minecraft.concrete_powder":2,"stat.craftItem.ic2.resource":26,"stat.pickup.minecraft.quartz":252,"stat.mineBlock.minecraft.leaves":1,"stat.mineBlock.minecraft.redstone_ore":247,"stat.mineBlock.harvestcraft.soggygarden":8,"stat.craftItem.minecraft.brick":6,"stat.craftItem.ic2.diamond_drill":1,"stat.pickup.ic2.drill":1,"stat.mineBlock.minecraft.stone":6083}