{"stat.pickup.minecraft.bone":1,"stat.useItem.harvestcraft.veggiestripsitem":3,"stat.useItem.harvestcraft.rhubarbitem":13,"stat.useItem.harvestcraft.garlicitem":12,"stat.useItem.minecraft.iron_axe":73,"stat.leaveGame":3,"stat.pickup.minecraft.flint":25,"stat.mineBlock.minecraft.yellow_flower":1,"stat.craftItem.minecraft.iron_axe":1,"stat.pickup.harvestcraft.veggiestripsitem":3,"stat.craftItem.tconstruct.faucet":3,"stat.mineBlock.ic2.rubber_wood":10,"stat.drop.tconstruct.arrow_shaft":1,"stat.swimOneCm":52300,"stat.climbOneCm":17048,"stat.craftItem.minecraft.shield":1,"stat.useItem.minecraft.planks":177,"stat.pickup.ic2.jetpack_electric":1,"stat.mineBlock.harvestcraft.pamsoursop":1,"stat.useItem.harvestcraft.tomatoitem":11,"stat.useItem.minecraft.stone_slab2":41,"stat.pickup.ic2.fluid_cell":3,"stat.pickup.minecraft.sand":301,"stat.craftItem.minecraft.furnace":2,"stat.craftItem.minecraft.iron_boots":1,"stat.pickup.harvestcraft.sweetpotatoitem":6,"stat.useItem.minecraft.birch_boat":2,"stat.craftItem.minecraft.cooked_beef":42,"stat.pickup.minecraft.cobblestone":51,"stat.craftItem.tconstruct.casting":1,"stat.mineBlock.minecraft.clay":64,"stat.pickup.harvestcraft.teaitem":4,"stat.flyOneCm":343665,"stat.pickup.harvestcraft.radishitem":4,"stat.mineBlock.minecraft.sand":215,"stat.pickup.minecraft.fish":1,"stat.useItem.minecraft.cooked_beef":22,"stat.pickup.harvestcraft.scallionitem":11,"stat.pickup.harvestcraft.leekitem":3,"stat.pickup.minecraft.redstone":52,"stat.mineBlock.minecraft.iron_ore":71,"stat.timeSinceDeath":174753,"stat.useItem.minecraft.iron_pickaxe":252,"stat.pickup.tconstruct.slime_sapling":1,"stat.pickup.harvestcraft.rhubarbitem":9,"stat.pickup.harvestcraft.soursopitem":2,"stat.craftItem.minecraft.iron_block":7,"stat.pickup.dynamictrees.darkoakseed":3,"stat.pickup.harvestcraft.whitemushroomitem":4,"stat.pickup.harvestcraft.beanitem":8,"stat.craftItem.tconstruct.seared":97,"stat.pickup.minecraft.stonebrick":1,"stat.pickup.tconstruct.soil":20,"stat.furnaceInteraction":245,"stat.mineBlock.minecraft.coal_ore":38,"stat.craftItem.tconstruct.soil":496,"stat.drop.minecraft.stone_slab":5,"stat.pickup.harvestcraft.turnipitem":7,"stat.useItem.minecraft.cooked_mutton":5,"stat.useItem.ic2.fluid_cell":3,"stat.craftItem.minecraft.stone_slab2":1,"stat.pickup.tconstruct.arrow_head":1,"stat.craftItem.tconstruct.tooltables":6,"stat.sprintOneCm":244635,"stat.mineBlock.minecraft.stone_slab":4,"stat.useItem.tconstruct.slime_dirt":14,"stat.craftItem.minecraft.stick":60,"stat.mineBlock.mekanism.oreblock":42,"stat.pickup.ic2.resource":8,"stat.craftItem.iceandfire.silver_shovel":1,"stat.mineBlock.harvestcraft.pamapple":7,"stat.useItem.minecraft.diamond_pickaxe":5,"stat.pickup.tconstruct.slime_dirt":15,"stat.useItem.iceandfire.silver_shovel":464,"stat.mineBlock.ic2.leaves":2,"stat.useItem.harvestcraft.turnipitem":7,"stat.useItem.tconstruct.seared_tank":1,"stat.mineBlock.minecraft.planks":12,"stat.deaths":1,"stat.drop":11,"stat.playOneMinute":207227,"stat.useItem.tconstruct.seared":94,"stat.craftItem.minecraft.iron_pickaxe":1,"stat.craftItem.minecraft.diamond_pickaxe":1,"stat.killEntity.Zombie":1,"stat.useItem.harvestcraft.gardensoupitem":1,"stat.craftItem.minecraft.clay":64,"stat.mineBlock.minecraft.tallgrass":3,"stat.craftItem.minecraft.cooked_mutton":5,"stat.diveOneCm":83874,"stat.pickup.harvestcraft.garlicitem":9,"stat.pickup.tconstruct.seared":5,"stat.chestOpened":207,"stat.entityKilledBy.seaserpent":1,"stat.useItem.ic2.cable":1,"stat.pickup.harvestcraft.tomatoitem":6,"stat.useItem.minecraft.fish":1,"stat.pickup.tconstruct.casting":1,"stat.pickup.minecraft.gravel":195,"stat.pickup.minecraft.arrow":2,"stat.useItem.minecraft.apple":14,"stat.mineBlock.tconstruct.slime_dirt":12,"stat.craftItem.tcomplement.alloy_tank":1,"stat.pickup.harvestcraft.blackberryitem":3,"stat.jump":2007,"stat.pickup.minecraft.coal":38,"stat.fallOneCm":62542,"stat.useItem.tconstruct.tooltables":1,"stat.craftItem.minecraft.birch_boat":2,"stat.crouchOneCm":812,"stat.craftItem.tconstruct.toolforge":1,"stat.mineBlock.harvestcraft.shadedgarden":28,"stat.mineBlock.minecraft.chest":2,"stat.craftItem.minecraft.torch":132,"stat.craftItem.minecraft.chest":7,"stat.craftItem.minecraft.iron_helmet":1,"stat.pickup.minecraft.dirt":8,"stat.pickup.harvestcraft.chestnutitem":1,"stat.pickup.minecraft.iron_ore":101,"stat.craftingTableInteraction":52,"stat.pickup.tconstruct.slime_congealed":21,"stat.boatOneCm":418593,"stat.mineBlock.minecraft.lapis_ore":6,"stat.craftItem.tcomplement.melter":1,"stat.mineBlock.ic2.resource":8,"stat.craftItem.tconstruct.pattern":92,"stat.damageTaken":2205,"stat.useItem.harvestcraft.teaitem":4,"stat.mineBlock.minecraft.torch":29,"stat.useItem.harvestcraft.tomatosoupitem":3,"stat.craftItem.tconstruct.materials":472,"stat.pickup.tconstruct.shard":1,"stat.pickup.minecraft.log2":20,"stat.pickup.ic2.rubber_wood":9,"stat.pickup.minecraft.dye":35,"stat.pickup.minecraft.planks":29,"stat.pickup.tconstruct.materials":26,"stat.mineBlock.minecraft.gravel":224,"stat.useItem.ic2.rubber_wood":5,"stat.craftItem.tconstruct.seared_tank":3,"stat.useItem.harvestcraft.fruitsaladitem":2,"stat.craftItem.minecraft.iron_leggings":1,"stat.craftItem.tconstruct.seared_furnace_controller":1,"stat.damageDealt":866,"stat.craftItem.minecraft.glass":28,"stat.sleepInBed":1,"stat.pickup.harvestcraft.gardensoupitem":1,"stat.mineBlock.minecraft.dirt":4,"stat.pickup.harvestcraft.elderberryitem":1,"stat.walkOneCm":251562,"stat.pickup.tconstruct.pattern":1,"stat.useItem.minecraft.torch":106,"stat.drop.tconstruct.rapier":1,"stat.craftItem.tconstruct.smeltery_io":1,"stat.pickup.dynamictrees.birchseed":10,"stat.pickup.minecraft.stick":44,"stat.useItem.harvestcraft.spiceleafitem":12,"stat.pickup.tconstruct.rapier":1,"stat.pickup.mekanism.oreblock":42,"stat.pickup.minecraft.clay_ball":300,"stat.useItem.minecraft.cobblestone":29,"stat.craftItem.minecraft.crafting_table":2,"stat.useItem.minecraft.gravel":3,"stat.pickup.minecraft.log":44,"stat.pickup.harvestcraft.hazelnutitem":4,"stat.drop.minecraft.stonebrick":1,"stat.pickup.harvestcraft.spiceleafitem":5,"stat.pickup.minecraft.stone":3,"stat.useItem.harvestcraft.scallionitem":4,"stat.craftItem.minecraft.iron_chestplate":1,"stat.pickup.harvestcraft.tomatosoupitem":3,"stat.pickup.harvestcraft.zucchiniitem":5,"stat.pickup.minecraft.sapling":3,"stat.pickup.tconstruct.arrow_shaft":2,"stat.pickup.minecraft.apple":14,"stat.craftItem.tconstruct.smeltery_controller":1,"stat.killEntity.Skeleton":2,"stat.pickup.harvestcraft.fruitsaladitem":2,"stat.craftItem.minecraft.bucket":3,"stat.mineBlock.minecraft.stonebrick":3,"stat.craftItem.minecraft.planks":504,"stat.drop.dynamictrees.darkoakseed":3,"stat.mineBlock.tconstruct.slime_grass":3,"stat.pickup.ic2.cable":1,"stat.mobKills":3,"stat.mineBlock.minecraft.log":16,"stat.mineBlock.minecraft.leaves":13,"stat.pickup.harvestcraft.juteitem":5,"stat.pickup.minecraft.torch":36,"stat.mineBlock.tconstruct.seared":5,"stat.mineBlock.minecraft.redstone_ore":12,"stat.sneakTime":1448,"stat.pickup.harvestcraft.tealeafitem":8,"stat.mineBlock.tconstruct.casting":1,"stat.pickup.minecraft.stone_slab":5,"stat.pickup.minecraft.yellow_flower":1,"stat.mineBlock.minecraft.stone":46,"stat.pickup.harvestcraft.gooseberryitem":2,"stat.pickup.minecraft.chest":2}